SIREN,ORGA_NOM_2017,ORGA_NOM_2018,ORGA_NOM_2018,2017,2018,2020,2022
0,Communauté d'agglomération Arles Crau Camargue Montagnette,,,1.0,,,
0,Pays d'Aubagne et de l'Etoile,,,1.0,,,
0,SAN Ouest Provence,,,1.0,,,
0,Communauté d'agglomération d'Angers Loire Métropole,,,1.0,,,
0,Communauté de Communauté Bars-le-duc,,,1.0,,,
0,Communauté d'agglomération du Beauvaisis,,,1.0,,,
0,Communauté d'agglomération havraise (CODAH),,,1.0,,,
0,Communauté d'agglomération de Metz Métropole,,,1.0,,,
0,Communauté d’Agglomération du Pays de Martigues,,,1.0,,,
0,Communauté d'agglomération de Pau-Pyrénées,,,1.0,,,
0,Communauté d'agglomération du Pays ajaccien,,,1.0,,,
0,Communauté d'Agglomération du Pays d'Aix ,,,1.0,,,
0,Communauté d'Agglomération Grand Poitiers,,,1.0,,,
0,Communauté de Communes Val d'Ille,,,1.0,,,
0,Mulhouse Alsace Agglomération,,,1.0,,,
0,Communauté de Communes Bretagne Romantique,,,1.0,,,
0,Communauté Urbaine de Strasbourg,,,1.0,,,
0,Métropole de Lyon ,,,1.0,,,
0,Grand Nancy,,,1.0,,,
0,Grand Paris Seine Ouest ,,,1.0,,,
0,Société du Grand Paris,,,1.0,,,
0,Bordeaux Métropole ,,,1.0,,,
0,Brest Métropole Océane,,,1.0,,,
0,Grenoble-Alpes Métropole ,,,1.0,,,
0,Le Mans Métropole,,,1.0,,,
0,Le Havre,,,1.0,,,
0,Lille Métropole,,,1.0,,,
0,Lorient Agglomération,,,1.0,,,
0,Marseille Provence Métropole,,,1.0,,,
0,Métropole Nice Côte d'Azur ,,,1.0,,,
0,Metz Métropole,,,1.0,,,
0,Montpellier Méditerranée Métropole,,,1.0,,,
0,Nantes Métropole ,,,1.0,,,
0,Rennes Métropole,,,1.0,,,
0,Toulouse Métropole,,,1.0,,,
0,Syndicat d'Agglomération Nouvelle Ouest Provence ,,,1.0,,,
0,Syndicat mixte du Pays d'Arles ,,,1.0,,,
0,Aucamville,,,1.0,,,
0,Agen,,,1.0,,,
0,Aix-en-Provence ,,,1.0,,,
0,Arles,,,1.0,,,
0,Avignon,,,1.0,,,
0,Avray,,,1.0,,,
0,Balma,,,1.0,,,
0,Bar-le-duc,,,1.0,,,
0,Blagnac,,,1.0,,,
0,Boulogne-Billancourt,,,1.0,,,
0,Brocas,,,1.0,,,
0,Chassieu,,,1.0,,,
0,Chaville,,,1.0,,,
0,Colomiers,,,1.0,,,
0,Cornebarieu ,,,1.0,,,
0,Cugnaux ,,,1.0,,,
0,Coulommiers,,,1.0,,,
0,Digne-les-Bains ,,,1.0,,,
0,Gratentour ,,,1.0,,,
0,Grenoble ,,,1.0,,,
0,Issy-les-Moulineaux ,,,1.0,,,
0,Istres,,,1.0,,,
0,La Rochelle ,,,1.0,,,
0,Longjumeau,,,1.0,,,
0,Louviers,,,1.0,,,
0,Lyon,,,1.0,,,
0,Le Mans,,,1.0,,,
0,Les Lilas,,,1.0,,,
0,Mahina (Polynésie),,,1.0,,,
0,Marseille,,,1.0,,,
0,Martigues ,,,1.0,,,
0,Marnes-la-Coquette,,,1.0,,,
0,Meudon,,,1.0,,,
0,Montpellier,,,1.0,,,
0,Mogneneins,,,1.0,,,
0,Mulhouse,,,1.0,,,
0,Monacia-d'Aullène,,,1.0,,,
0,Nantes,,,1.0,,,
0,Nice,,,1.0,,,
0,Paris,,,1.0,,,
0,Rennes,,,1.0,,,
0,Rodez,,,1.0,,,
0,Roquefort,,,1.0,,,
0,Saint-Malo,,,1.0,,,
0,Saint-Quentin (Aisne),,,1.0,,,
0,Saint-Jacques de la Lande,,,1.0,,,
0,Sarlat-la-Canéda ,,,1.0,,,
0,Sèvres,,,1.0,,,
0,Strasbourg,,,1.0,,,
0,Saint Jory ,,,1.0,,,
0,Seilh ,,,1.0,,,
0,Toulouse,,,1.0,,,
0,Vanves,,,1.0,,,
0,Versailles,,,1.0,,,
0,Villemomble,,,1.0,,,
0,Département du Cantal,,,1.0,,,
0,Département des Côtes-d'Armor,,,1.0,,,
0,Département du Calvados,,,1.0,,,
0,Département de l'Essonne,,,1.0,,,
0,Département de l'Eure,,,1.0,,,
0,Département de la Gironde,,,1.0,,,
0,Département du Gers,,,1.0,,,
0,Département de Haute Garonne,,,1.0,,,
0,Département des Hauts-de-Seine,,,1.0,,,
0,Département de l'Isère,,,1.0,,,
0,Département du Loir-et-Cher,,,1.0,,,
0,Département de la Loire-Atlantique,,,1.0,,,
0,Département du Loiret,,,1.0,,,
0,Département de la Manche,,,1.0,,,
0,Département du Nord,,,1.0,,,
0,Département de l’Oise,,,1.0,,,
0,Département de la Seine-Saint-Denis,,,1.0,,,
0,Département de la Seine-Maritime,,,1.0,,,
0,Département de Saône-et-Loire,,,1.0,,,
0,Département du Var,,,1.0,,,
0,Collectivité Territoriale de Corse,,,1.0,,,
0,Région Alsace,,,1.0,,,
0,Région Aquitaine,,,1.0,,,
0,Région Auvergne-Rhone-Alpes,,,1.0,,,
0,Région Bretagne,,,1.0,,,
0,Région Lorraine,,,1.0,,,
0,Région Normandie,,,1.0,,,
0,Région Ile-de-France,,,1.0,,,
0,Région Hauts-de-France,,,1.0,,,
0,Région Provence-Alpes-Coted'Azur,,,1.0,,,
0,Région Pays de Loire,,,1.0,,,
0,Syndicat Mixte Informatique Aveyron (SMICA),,,1.0,,,
0,Syndicat Mixte Informatique Charente Maritime (SOLUTIS),,,1.0,,,
0,Syndicat Mixte Informatique Alpes Maritimes (SICTIAM),,,1.0,,,
0,Syndicat Mixte Informatique Manche (Manche Numérique),,,1.0,,,
0,Syndicat Mixte Informatique Val-de-Marne (INFOCOM'94),,,1.0,,,
0,Syndicat Mixte Informatique GéoBourgogne,,,1.0,,,
0,Syndicat Mixte Informatique Pays Midi-Quercy,,,1.0,,,
0,Syndicat Mixte Energie Morbilhan énergies,,,1.0,,,
0,Syndicat Mixte Transport Bouche-du-Rhone (Le Pilote),,,1.0,,,
0,Syndicat Mixte Tourisme Bouche-du-Rhone ,,,1.0,,,
0,Syndicat Mixte Transport Collectif Oise (SMTCO),,,1.0,,,
0,Syndicat Mixte Déceht (DECOSEPT),,,1.0,,,
0,Morbihan Energie,,,1.0,,,
0,GIP Bretagne Environnement,,,1.0,,,
0,Comité Départemental du Tourisme de Gironde,,,1.0,,,
0,Comité Départemental du Tourisme des Bouches-du-Rhône,,,1.0,,,
0,Comité Départemental du Var,,,1.0,,,
0,Comité Départemental du Morbihan,,,1.0,,,
241300417,,CA ARLES CRAU CAMARGUE MONTAGNETTE,CA ARLES CRAU CAMARGUE MONTAGNETTE,,10.0,33.0,56.0
242900314,,BREST METROPOLE,BREST METROPOLE,,5.0,215.0,204.0
243300316,,BORDEAUX METROPOLE,BORDEAUX METROPOLE,,225.0,260.0,467.0
245400676,,METROPOLE DU GRAND NANCY,METROPOLE DU GRAND NANCY,,48.0,51.0,18.0
214000564,,BROCAS LES FORGES,BROCAS LES FORGES,,100.0,121.0,106.0
213303662,,SAINT ANDRE DE CUBZAC,SAINT ANDRE DE CUBZAC,,1.0,1.0,1.0
226000016,,OISE,OISE,,176.0,179.0,179.0
225005024,,MANCHE,MANCHE,,78.0,85.0,85.0
224100016,,LOIR ET CHER,LOIR ET CHER,,69.0,69.0,76.0
227100013,,SAONE ET LOIRE,SAONE ET LOIRE,,424.0,77.0,132.0
221500010,,CANTAL,CANTAL,,10.0,5.0,5.0
200053759,,NOUVELLE AQUITAINE,NOUVELLE AQUITAINE,,2.0,2.0,10.0
200053742,,HAUTS DE FRANCE,HAUTS DE FRANCE,,168.0,334.0,488.0
217701317,,COULOMMIERS,COULOMMIERS,,26.0,26.0,26.0
200046977,,GRAND LYON,METROPOLE DE LYON,,1714.0,1148.0,1351.0
219400587,,LE PERREUX SUR MARNE,LE PERREUX SUR MARNE,,2.0,2.0,2.0
219300456,,LES LILAS,LES LILAS,,7.0,71.0,31.0
219103454,,LONGJUMEAU,LONGJUMEAU,,13.0,13.0,13.0
217500016,,PARIS,PARIS,,684.0,727.0,846.0
213105554,,TOULOUSE,TOULOUSE,,203.0,262.0,287.0
200054807,,METROPOLE AIX MARSEILLE PROVENCE,METROPOLE AIX MARSEILLE PROVENCE,,11.0,17.0,63.0
244400404,,NANTES METROPOLE,NANTES METROPOLE,,192.0,278.0,380.0
234400034,,PAYS DE LA LOIRE,PAYS DE LA LOIRE,,358.0,371.0,457.0
237500079,,ILE DE FRANCE,ILE DE FRANCE,,1381.0,1164.0,1292.0
231300021,,SUD PACA,SUD PROVENCE ALPES COTE D'AZUR,,134.0,137.0,217.0
243500139,,RENNES METROPOLE,RENNES METROPOLE,,137.0,173.0,202.0
219400686,,SAINT MAUR DES FOSSES,SAINT MAUR DES FOSSES,,1.0,1.0,1.0
210206660,,SAINT QUENTIN,SAINT QUENTIN,,92.0,100.0,32.0
212405203,,SARLAT LA CANEDA,SARLAT LA CANEDA,,12.0,12.0,12.0
243100518,,TOULOUSE METROPOLE,TOULOUSE METROPOLE,,421.0,691.0,897.0
211300017,,AIX EN PROVENCE,AIX EN PROVENCE,,3.0,3.0,2.0
219200409,,ISSY LES MOULINEAUX,ISSY LES MOULINEAUX,,347.0,375.0,486.0
211300553,,MARSEILLE,MARSEILLE,,129.0,35.0,96.0
214401093,,NANTES,NANTES,,158.0,294.0,444.0
213502388,,RENNES,RENNES,,161.0,185.0,192.0
219300779,,VILLEMOMBLE,VILLEMOMBLE,,10.0,10.0,10.0
232000018,,CORSE,CORSE,,212.0,621.0,195.0
212703755,,LOUVIERS,LOUVIERS,,3.0,3.0,3.0
244900015,,ANGERS LOIRE METROPOLE,ANGERS LOIRE METROPOLE,,129.0,151.0,169.0
212500565,,BESANCON,BESANCON,,1.0,20.0,42.0
212001630,,MONACIA D'AULLENE,MONACIA D'AULLENE,,12.0,12.0,12.0
213502883,,SAINT MALO,SAINT MALO,,50.0,103.0,102.0
200039865,,METZ METROPOLE,METZ METROPOLE,,53.0,54.0,56.0
219200227,,CHAVILLE,CHAVILLE,,11.0,11.0,8.0
200057974,,GRAND PARIS SEINE OUEST,EPT GRAND PARIS SEINE OUEST (GPSO - T3),,81.0,214.0,249.0
229200506,,HAUTS DE SEINE,HAUTS DE SEINE,,285.0,287.0,397.0
229300082,,SEINE SAINT DENIS,SEINE SAINT DENIS,,621.0,529.0,424.0
219200755,,VANVES,VANVES,,14.0,15.0,6.0
219200771,,VILLE D'AVRAY,VILLE D'AVRAY,,14.0,17.0,38.0
243500782,,CA DU PAYS DE SAINT MALO,CA DU PAYS DE SAINT MALO,,6.0,31.0,36.0
219200722,,SEVRES,SEVRES,,20.0,33.0,28.0
218708501,,LIMOGES,LIMOGES,,2.0,3.0,2.0
222200016,,COTES D'ARMOR,COTES D'ARMOR,,228.0,261.0,295.0
219400520,,NOGENT SUR MARNE,NOGENT SUR MARNE,,3.0,8.0,8.0
219200482,,MEUDON,MEUDON,,179.0,200.0,46.0
219200128,,BOULOGNE BILLANCOURT,BOULOGNE BILLANCOURT,,34.0,36.0,44.0
200069854,,CU DU GRAND POITIERS,CU DU GRAND POITIERS,,235.0,304.0,439.0
219200474,,MARNES LA COQUETTE,MARNES LA COQUETTE,,9.0,9.0,9.0
200013704,,MAHINA,MAHINA,,2.0,2.0,2.0
242010056,,CA DU PAYS AJACCIEN,CA DU PAYS AJACCIEN,,119.0,123.0,123.0
233500016,,BRETAGNE,BRETAGNE,,98.0,298.0,538.0
200042174,,CA LORIENT AGGLOMERATION,CA LORIENT AGGLOMERATION,,119.0,109.0,137.0
200052264,,GRAND EST,GRAND EST,,44.0,66.0,570.0
200053403,,NORMANDIE,NORMANDIE,,49.0,31.0,29.0
210102521,,MOGNENEINS,MOGNENEINS,,5.0,5.0,5.0
241700640,,CA ROYAN ATLANTIQUE,CA ROYAN ATLANTIQUE,,15.0,16.0,16.0
215500299,,BAR LE DUC,BAR LE DUC,,27.0,32.0,37.0
200033025,,CA BAR LE DUC SUD MEUSE,CA BAR LE DUC SUD MEUSE,,37.0,57.0,66.0
200013746,,PIRAE,PIRAE,,12.0,18.0,18.0
223200015,,GERS,GERS,,46.0,38.0,42.0
200040715,,GRENOBLE ALPES METROPOLE,GRENOBLE ALPES METROPOLE,,14.0,28.0,55.0
211403662,,LISIEUX,LISIEUX,,1.0,13.0,13.0
224500017,,LOIRET,LOIRET,,223.0,224.0,77.0
243500667,,CC DU VAL D'ILLE AUBIGNE,CC DU VAL D'ILLE AUBIGNE,,56.0,41.0,0.0
244500468,,ORLEANS METROPOLE,ORLEANS METROPOLE,,43.0,212.0,329.0
211202023,,RODEZ,RODEZ,,6.0,14.0,7.0
200073344,,CA DE RAMBOUILLET TERRITOIRES,CA DE RAMBOUILLET TERRITOIRES,,1.0,1.0,1.0
223100017,,HAUTE GARONNE,HAUTE GARONNE,,112.0,195.0,456.0
200053726,,BOURGOGNE FRANCHE COMTE,BOURGOGNE FRANCHE COMTE,,20.0,48.0,73.0
200034957,,CC DU FRONTONNAIS,CC DU FRONTONNAIS,,1.0,1.0,1.0
212201875,,PLERIN SUR MER,PLERIN,,12.0,12.0,12.0
220100010,,AIN,AIN,,42.0,51.0,262.0
243100633,,CA SICOVAL,CA SICOVAL,,54.0,71.0,104.0
216000562,,BEAUVAIS,BEAUVAIS,,1.0,1.0,3.0
212201719,,PLAINTEL,PLAINTEL,,4.0,4.0,4.0
200023737,,CA DU GRAND CAHORS,CA DU GRAND CAHORS,,20.0,23.0,23.0
222800013,,EURE ET LOIR,EURE ET LOIR,,31.0,58.0,69.0
245900410,,METROPOLE EUROPEENNE DE LILLE,METROPOLE EUROPEENNE DE LILLE,,295.0,389.0,437.0
213101579,,CUGNAUX,CUGNAUX,,1.0,1.0,0.0
211100763,,CASTELNAUDARY,CASTELNAUDARY,,24.0,12.0,13.0
216401026,,BAYONNE,BAYONNE,,35.0,52.0,124.0
216401026,,BAYONNE,BAYONNE,,35.0,52.0,124.0
212902209,,PONT L'ABBE,PONT L'ABBE,,1.0,2.0,2.0
218300986,,LE PRADET,LE PRADET,,1.0,1.0,1.0
200059228,,CA GRAND PARIS SUD,CA GRAND PARIS SUD SEINE ESSONNE SENART,,2.0,25.0,48.0
242500361,,CA DU GRAND BESANCON,CA DU GRAND BESANCON,,12.0,80.0,63.0
228000014,,SOMME,SOMME,,1.0,1.0,1.0
225800010,,NIEVRE,NIEVRE,,4.0,40.0,109.0
215901521,,COMINES,COMINES,,1.0,4.0,6.0
245804406,,CA DE NEVERS,CA DE NEVERS,,12.0,10.0,19.0
215801945,,NEVERS,NEVERS,,22.0,23.0,29.0
200065928,,CA LANNION TREGOR COMMUNAUTE,CA LANNION TREGOR COMMUNAUTE,,15.0,17.0,18.0
219506805,,VILLIERS LE BEL,VILLIERS LE BEL,,1.0,3.0,3.0
243500741,,CA REDON AGGLOMERATION,CA REDON AGGLOMERATION,,1.0,8.0,8.0
214700312,,BOE,BOE,,14.0,11.0,14.0
246200729,,CA DU BOULONNAIS,CA DU BOULONNAIS,,1.0,2.0,3.0
200030195,,METROPOLE NICE COTE D'AZUR,METROPOLE NICE COTE D'AZUR,,264.0,317.0,337.0
221700016,,CHARENTE MARITIME,CHARENTE MARITIME,,1.0,1.0,2.0
227900016,,DEUX SEVRES,DEUX SEVRES,,1.0,1.0,1.0
211200563,,BARAQUEVILLE,BARAQUEVILLE,,1.0,1.0,1.0
247600596,,CA HAVRAISE,CA HAVRAISE,,59.0,206.0,208.0
228600011,,VIENNE,VIENNE,,1.0,1.0,1.0
200044618,,CA DU DOUAISIS,CA DU DOUAISIS,,2.0,2.0,2.0
246700488,,EUROMETROPOLE DE STRASBOURG,EUROMETROPOLE DE STRASBOURG,,76.0,75.0,82.0
215600982,,LANESTER,LANESTER,,5.0,10.0,19.0
227300019,,SAVOIE,SAVOIE,,1.0,5.0,11.0
241400415,,CC COEUR COTE FLEURIE,CC COEUR COTE FLEURIE,,84.0,94.0,99.0
215600016,,ALLAIRE,ALLAIRE,,1.0,1.0,1.0
213500135,,BAINS SUR OUST,BAINS SUR OUST,,1.0,8.0,8.0
213502362,,REDON,REDON,,2.0,4.0,4.0
214401283,,PLESSE,PLESSE,,1.0,1.0,1.0
214401853,,SAINT NICOLAS DE REDON,SAINT NICOLAS DE REDON,,1.0,1.0,1.0
215403957,,NANCY,NANCY,,1.0,5.0,5.0
221000052,,AUBE,AUBE,,1.0,1.0,2.0
200034718,,CC VITRY CHAMPAGNE ET DER,CC VITRY CHAMPAGNE ET DER,,1.0,1.0,1.0
217603513,,LE HAVRE,LE HAVRE,,85.0,218.0,222.0
215601519,,NOYAL PONTIVY,NOYAL PONTIVY,,2.0,2.0,2.0
200057859,,CA COEUR D'ESSONNE AGGLOMERATION,CA COEUR D'ESSONNE AGGLOMERATION,,1.0,1.0,1.0
219200045,,ASNIERES SUR SEINE,ASNIERES SUR SEINE,,1.0,6.0,6.0
200066058,,CA SAINT LOUIS AGGLOMERATION,CA SAINT LOUIS AGGLOMERATION,,1.0,1.0,42.0
212801344,,DREUX,DREUX,,1.0,1.0,1.0
220900013,,ARIEGE,ARIEGE,,1.0,1.0,1.0
212902399,,ROSCOFF,ROSCOFF,,1.0,3.0,3.0
214702011,,LE PASSAGE,LE PASSAGE,,1.0,1.0,1.0
226600013,,PYRENEES ORIENTALES,PYRENEES ORIENTALES,,1.0,12.0,14.0
224600015,,LOT,LOT,,1.0,4.0,9.0
200069409,,CA SAINT BRIEUC ARMOR AGGLOMERATION,CA SAINT BRIEUC ARMOR AGGLOMERATION,,26.0,3.0,33.0
200073419,,CA DU PUY EN VELAY,CA DU PUY EN VELAY,,1.0,103.0,94.0
200071140,,CA MOULINS COMMUNAUTE,CA MOULINS COMMUNAUTE,,8.0,8.0,0.0
200068989,,CA DINAN AGGLOMERATION,CA DINAN AGGLOMERATION,,1.0,9.0,9.0
200066009,,CA MULHOUSE ALSACE AGGLOMERATION,CA MULHOUSE ALSACE AGGLOMERATION,,28.0,160.0,168.0
245100029,,CA DE CHALONS EN CHAMPAGNE,,,18.0,,
247800584,,CA VERSAILLES GRAND PARC,CA VERSAILLES GRAND PARC,,44.0,78.0,65.0
200056232,,CA PARIS SACLAY,CA PARIS SACLAY,,51.0,61.0,0.0
241700434,,CA LA ROCHELLE,CA LA ROCHELLE,,4.0,30.0,84.0
246401723,,CA PAU BEARN PYRENEES,,,33.0,,
200069425,,CA MONT SAINT MICHEL NORMANDIE,CA MONT SAINT MICHEL NORMANDIE,,11.0,11.0,0.0
200067205,,CA DU COTENTIN,CA DU COTENTIN,,27.0,27.0,1.0
200010700,,CA CAUX VALLEE DE SEINE,CA CAUX VALLEE DE SEINE,,53.0,149.0,28.0
200067437,,CA PROVENCE ALPES AGGLOMERATION,CA PROVENCE ALPES AGGLOMERATION,,1.0,3.0,9.0
200034700,,CA DURANCE LUBERON VERDON,CA DURANCE LUBERON VERDON,,2.0,8.0,31.0
248500589,,CA LA ROCHE SUR YON AGGLOMERATION,CA LA ROCHE SUR YON,,130.0,1.0,2.0
200071199,,CC PLAINE LIMAGNE,CC PLAINE LIMAGNE,,1.0,1.0,0.0
200072080,,CC DU PAYS DE SAINT ELOY,CC DU PAYS DE SAINT ELOY,,2.0,2.0,0.0
240300491,,CC DU PAYS DE LAPALISSE,CC DU PAYS DE LAPALISSE,,2.0,2.0,0.0
200072098,,CC COMBRAILLES SIOULE ET MORGE,CC COMBRAILLES SIOULE ET MORGE,,3.0,3.0,0.0
200066637,,CC HAUTES TERRES COMMUNAUTE,CC HAUTES TERRES COMMUNAUTE,,6.0,6.0,0.0
241501139,,CC DU PAYS DE SALERS,CC DU PAYS DE SALERS,,7.0,7.0,0.0
242900744,,CC POHER COMMUNAUTE,CC POHER COMMUNAUTE,,1.0,1.0,1.0
200069086,,CC LEFF ARMOR,CC LEFF ARMOR,,5.0,5.0,5.0
248400236,,CC DU PAYS REUNI D'ORANGE,CC DU PAYS REUNI D'ORANGE,,5.0,31.0,34.0
226300010,,PUY DE DOME,PUY DE DOME,,26.0,24.0,23.0
223700014,,INDRE ET LOIRE,INDRE ET LOIRE,,24.0,2.0,3.0
225700012,,MOSELLE,MOSELLE,,20.0,20.0,0.0
225400019,,MEURTHE ET MOSELLE,MEURTHE ET MOSELLE,,7.0,17.0,1.0
223300013,,GIRONDE,GIRONDE,,90.0,164.0,84.0
227605409,,SEINE MARITIME,SEINE MARITIME,,238.0,131.0,139.0
222702292,,EURE,EURE,,104.0,32.0,25.0
221401185,,CALVADOS,CALVADOS,,19.0,23.0,104.0
220600019,,ALPES MARITIMES,ALPES MARITIMES,,1.0,48.0,58.0
228400016,,VAUCLUSE,VAUCLUSE,,1.0,21.0,34.0
228300018,,VAR,VAR,,1.0,9.0,8.0
220400014,,ALPES DE HAUTE PROVENCE,ALPES DE HAUTE PROVENCE,,4.0,34.0,94.0
220500011,,HAUTES ALPES,HAUTES ALPES,,7.0,116.0,122.0
224400028,,LOIRE ATLANTIQUE,LOIRE ATLANTIQUE,,209.0,517.0,541.0
224900019,,MAINE ET LOIRE,MAINE ET LOIRE,,84.0,176.0,251.0
227200029,,SARTHE,SARTHE,,37.0,1.0,67.0
213803828,,SAINT EGREVE,SAINT EGREVE,,3.0,20.0,20.0
216902718,,CHASSIEU,CHASSIEU,,10.0,10.0,9.0
216901231,,LYON,LYON,,13.0,16.0,17.0
213801855,,GRENOBLE,GRENOBLE,,45.0,116.0,126.0
212203608,,TREGUEUX,TREGUEUX,,1.0,1.0,1.0
215600115,,BEGANNE,BEGANNE,,1.0,2.0,2.0
215600784,,GUIDEL,GUIDEL,,1.0,1.0,1.0
215601212,,LORIENT,LORIENT,,1.0,48.0,55.0
215602327,,SAINT PERREUX,SAINT PERREUX,,1.0,2.0,2.0
213500515,,CESSON SEVIGNE,CESSON SEVIGNE,,2.0,11.0,11.0
212202048,,PLOEZAL,PLOEZAL,,3.0,5.0,7.0
215602061,,SAINT AVE,SAINT AVE,,4.0,13.0,20.0
213503642,,NOYAL CHATILLON SUR SEICHE,NOYAL CHATILLON SUR SEICHE,,5.0,6.0,6.0
212201131,,LANNION,LANNION,,6.0,7.0,7.0
213502818,,SAINT JACQUES DE LA LANDE,SAINT JACQUES DE LA LANDE,,7.0,11.0,11.0
212202782,,SAINT BRIEUC,SAINT BRIEUC,,8.0,9.0,11.0
212203897,,YFFINIAC,YFFINIAC,,8.0,8.0,8.0
212200703,,GUINGUAMP,GUINGUAMP,,11.0,11.0,10.0
216802538,,OTTMARSHEIM,OTTMARSHEIM,,1.0,1.0,1.0
216802710,,RIEDISHEIM,RIEDISHEIM,,3.0,3.0,3.0
216803841,,ZILLISHEIM,ZILLISHEIM,,3.0,3.0,3.0
216802785,,RIXHEIM,RIXHEIM,,5.0,5.0,5.0
216803759,,WITTELSHEIM,WITTELSHEIM,,7.0,7.0,7.0
216802249,,MULHOUSE,MULHOUSE,,41.0,43.0,46.0
215900176,,ARMENTIERES,ARMENTIERES,,2.0,2.0,1.0
215905993,,TOURCOING,TOURCOING,,2.0,1.0,19.0
215903501,,LILLE,LILLE,,3.0,28.0,303.0
215900093,,VILLENEUVE D'ASCQ,VILLENEUVE D'ASCQ,,4.0,7.0,7.0
215901968,,ENNETIERES EN WEPPES,ENNETIERES EN WEPPES,,5.0,6.0,5.0
215905126,,ROUBAIX,ROUBAIX,,38.0,231.0,261.0
219200730,,SURESNES,SURESNES,,13.0,22.0,25.0
219200508,,NANTERRE,NANTERRE,,7.0,18.0,18.0
219400280,,CRETEIL,,,264.0,,
219400199,,CHENNEVIERES SUR MARNE,CHENNEVIERES SUR MARNE,,5.0,5.0,0.0
213300635,,BORDEAUX,BORDEAUX,,79.0,62.0,85.0
218601946,,POITIERS,POITIERS,,43.0,44.0,56.0
211703004,,LA ROCHELLE,LA ROCHELLE,,300.0,738.0,454.0
214700015,,AGEN,AGEN,,5.0,73.0,87.0
213101496,,COLOMIERS,COLOMIERS,,1.0,1.0,1.0
213101843,,FLOURENS,FLOURENS,,1.0,1.0,1.0
213105414,,SEILH,SEILH,,1.0,1.0,1.0
213100225,,AUCAMVILLE,AUCAMVILLE,,4.0,4.0,4.0
213100449,,BALMA,BALMA,,4.0,4.0,4.0
213401649,,MONTAUD,MONTAUD,,15.0,15.0,16.0
213401797,,MURVIEL LES MONTPELLIER,MURVIEL LES MONTPELLIER,,15.0,18.0,20.0
213402274,,RESTINCLIERES,RESTINCLIERES,,15.0,13.0,15.0
213002371,,SAINT BRES,SAINT BRES,,18.0,16.0,17.0
213400278,,BEAULIEU,BEAULIEU,,18.0,19.0,19.0
213402563,,SAINT GENIES DES MOURGUES,SAINT GENIES DES MOURGUES,,20.0,19.0,20.0
213402951,,SAUSSAN,SAUSSAN,,21.0,20.0,20.0
213401235,,JUVIGNAC,JUVIGNAC,,22.0,29.0,27.0
213402498,,SAINT DREZERY,SAINT DREZERY,,22.0,21.0,23.0
213402597,,SAINT GEORGES D'ORQUES,SAINT GEORGES D'ORQUES,,22.0,21.0,20.0
213402704,,SAINT JEAN DE VEDAS,SAINT JEAN DE VEDAS,,22.0,23.0,21.0
213400229,,BAILLARGUES,BAILLARGUES,,23.0,26.0,23.0
213402175,,PRADES LE LEZ,PRADES LE LEZ,,23.0,25.0,22.0
213403074,,SUSSARGUES,SUSSARGUES,,23.0,21.0,21.0
213401698,,MONTFERRIER SUR LEZ,MONTFERRIER SUR LEZ,,24.0,23.0,22.0
213401169,,GRABELS,GRABELS,,25.0,23.0,25.0
213400872,,COURNONSEC,COURNONSEC,,26.0,23.0,21.0
213400955,,FABREGUES,FABREGUES,,27.0,28.0,27.0
213401201,,JACOU,JACOU,,27.0,26.0,23.0
213400583,,CASTRIES,CASTRIES,,28.0,26.0,23.0
213401292,,LATTES,LATTES,,29.0,28.0,27.0
213401987,,PEROLS,PEROLS,,29.0,28.0,25.0
213402027,,PIGNAN,PIGNAN,,29.0,27.0,24.0
213403272,,VENDARGUES,VENDARGUES,,29.0,27.0,24.0
213400906,,LE CRES,LE CRES,,30.0,29.0,28.0
213403371,,VILLENEUVE LES MAGUELONE,VILLENEUVE LES MAGUELONE,,30.0,29.0,26.0
213400575,,CASTELNAU LE LEZ,CASTELNAU LE LEZ,,32.0,32.0,30.0
213400880,,COURNONTERRAL,COURNONTERRAL,,32.0,29.0,27.0
213401342,,LAVERUNE,LAVERUNE,,33.0,31.0,28.0
213400773,,CLAPIERS,CLAPIERS,,36.0,36.0,32.0
213401722,,MONTPELLIER,MONTPELLIER,,118.0,105.0,88.0
218902781,,NOE,NOE,,7.0,14.0,7.0
210400701,,DIGNE LES BAINS,DIGNE LES BAINS,,75.0,100.0,208.0
218400075,,AVIGNON,AVIGNON,,27.0,42.0,90.0
211300058,,AUBAGNE,,,1.0,,
211300470,,ISTRES,ISTRES,,2.0,33.0,35.0
210600045,,ANTIBES,ANTIBES JUAN LES PINS,,38.0,107.0,310.0
211300561,,MARTIGUES,MARTIGUES,,120.0,15.0,44.0
210600888,,NICE,NICE,,80.0,82.0,89.0
218500890,,LA FERRIERE,,,2.0,,
214900540,,CANDE,CANDE,,3.0,3.0,0.0
214400400,,CHEMERE,CHEMERE,,4.0,4.0,4.0
214401200,,LE PELLERIN,LE PELLERIN,,4.0,4.0,4.0
214401143,,ORVAULT,ORVAULT,,7.0,18.0,20.0
218501914,,LA ROCHE SUR YON,LA ROCHE SUR YON,,48.0,48.0,49.0
214900078,,ANGERS,ANGERS,,39.0,45.0,74.0
217201813,,LE MANS,LE MANS,,25.0,24.0,70.0
200053767,,AUVERGNE RHONE ALPES,AUVERGNE RHONE ALPES,,71.0,71.0,39.0
234500023,,CENTRE VAL DE LOIRE,CENTRE VAL DE LOIRE,,46.0,24.0,203.0
200058006,,GRAND PARIS SUD EST AVENIR,ETP GRAND PARIS SUD EST AVENIR (GPSEA - T11),,98.0,11.0,0.0
243400017,,MONTPELLIER MEDITERRANNEE METROPOLE,MONTPELLIER MEDITERRANEE METROPOLE,,98.0,136.0,170.0
213500010,,,ACIGNE,,,4.0,4.0
306966110,,,ADEUPa,,,12.0,20.0
384452611,,,ADICO SMI OISE,,,1.0,1.0
776258261,,,AGENCE DE DEV. TOURISTIQUE DE L'ARDECHE,,,3.0,0.0
392178570,,,AGENCE DE TOURISME DE LA CORSE,,,14.0,14.0
287500052,,,AGENCE DES ESPACES VERTS ILE DE FRANCE,,,23.0,27.0
256404393,,,AGENCE PUBLIQUE DE GESTION LOCALE PYR. ATLANTIQUES,,,1.0,1.0
216400085,,,AHAXE-ALCIETTE-BASCASSAN,,,2.0,2.0
210400016,,,AIGLUN,,,4.0,4.0
216400135,,,AINHICE MONGELOS,,,2.0,2.0
216400143,,,AINHOA,,,2.0,2.0
404453110,,,AIR BREIZH,,,29.0,46.0
323266205,,,AIR PAYS DE LA LOIRE,,,38.0,68.0
214000010,,,AIRE SUR L'ADOUR,,,1.0,1.0
316465236,,,AIRPARIF,,,174.0,470.0
217300086,,,AIX LES BAINS,,,1.0,1.0
218100048,,,ALBI,,,24.0,26.0
254003304,,,AGENCE LANDAISE POUR L'INFORMATIQUE,,,5.0,6.0
213000102,,,ANDUZE,,,3.0,3.0
216400242,,,ANGLET,,,19.0,158.0
784237539,,,APUR,,,99.0,98.0
305350795,,,ARSUD,,,4.0,5.0
451366611,,,ARCADI ILE DE FRANCE,,,10.0,10.0
220700017,,,ARDECHE,,,17.0,0.0
487977985,,,ARDTA,,,14.0,0.0
216400457,,,ARHANSUS,,,2.0,2.0
447740036,,,ARL PACA,,,4.0,4.0
200050714,,,ATD 36 INDRE,,,5.0,4.0
534194451,,,ATMO AUVERGNE RHONE ALPES,,,209.0,165.0
829854181,,,ATMO BOURGOGNE FRANCHE COMTE,,,20.0,12.0
822734307,,,ATMO GRAND EST,,,142.0,249.0
420010878,,,ATMO GUYANE,,,22.0,12.0
478029127,,,ATMO HAUTS DE FRANCE,,,57.0,39.0
488233313,,,ATMO NORMANDIE,,,59.0,59.0
311059422,,,ATMO NOUVELLE AQUITAINE,,,356.0,356.0
308599703,,,ATMO OCCITANIE,,,38.0,31.0
422969667,,,ATMO REUNION,,,15.0,11.0
324465632,,,ATMO SUD,,,32.0,32.0
200052488,,,ATOUMOD,,,1.0,1.0
429596190,,,AUBE EN CHAMPAGNE TOURISME,,,1.0,1.0
221100019,,,AUDE,,,23.0,59.0
213100332,,,AUTERIVE,,,1.0,3.0
200021624,,,AUTOLIB VELIB METROPOLE,,,3.0,3.0
217100148,,,AUTUN,,,8.0,4.0
824433866,,,AUVERGNE RHONE ALPES TOURISME,,,12.0,0.0
216400861,,,AYHERRE,,,2.0,2.0
218300093,,,BANDOL,,,1.0,1.0
226700011,,,BAS RHIN,,,100.0,100.0
245400601,,,BASSIN DE POMPEY,,,2.0,2.0
214400103,,,BATZ SUR MER,,,1.0,1.0
200064699,,,BEAUSSAIS SUR MER,,,2.0,2.0
212200042,,,BEGARD,,,3.0,4.0
216401059,,,BEGUIOS,,,2.0,2.0
216201087,,,BERCK SUR MER,,,1.0,1.0
212400378,,,BERGERAC,,,3.0,3.0
200041481,,,BERRY NUMERIQUE,,,3.0,4.0
214400137,,,BESNE,,,1.0,1.0
213100696,,,BLAGNAC,,,76.0,91.0
214100182,,,BLOIS,,,14.0,34.0
217700376,,,BOIS LE ROI,,,3.0,3.0
219400041,,,BOISSY SAINT LEGER,,,4.0,0.0
219100864,,,BONDOUFLE,,,0.0,2.0
213500408,,,BRETEIL,,,6.0,6.0
217700533,,,BRIE COMTE ROBERT,,,1.0,1.0
216900290,,,BRON,,,4.0,4.0
852356583,,,BROU SUR CHANTEREINE,,,2.0,2.0
410582613,,,BUS URBAINS THONONAIS (BUT),,,1.0,1.0
216401554,,,BUSTINCE-IRIBERRY,,,2.0,2.0
200011773,,,CA ANNEMASSE LES VOIRONS AGGLOMERATION,,,1.0,8.0
200041630,,,CA ARDENNE METROPOLE,,,10.0,55.0
200006682,,,CA BEAUNE COTE ET SUD,,,2.0,2.0
200039915,,,CA CANNES PAYS DE LERINS,,,1.0,1.0
243600327,,,CA CHATEAUROUX METROPOLE,,,142.0,151.0
246800726,,,CA COLMAR,,,2.0,2.0
243400769,,,CA DE BEZIERS MEDITERRANEE,,,1.0,1.0
200030385,,,CA DE BLOIS,,,12.0,77.0
248100430,,,CA DE CASTRES MAZAMET,,,1.0,13.0
200066876,,,CA DE CHALONS EN CHAMPAGNE,,,15.0,28.0
200067874,,,CA DE HAGUENAU,,,1.0,1.0
248100737,,,CA DE L'ALBIGEOIS,,,3.0,6.0
200067114,,,CA DE L'AUXERROIS,,,2.0,3.0
244400610,,,CA DE LA PRESQU'ILE DE GUERANDE ATLANTIQUE,,,64.0,137.0
247600786,,,CA DE LA REGION DIEPPOISE,,,1.0,1.0
244400644,,,CA DE LA REGION NAZAIRIENNE ET DE L'ESTUAIRE,,,22.0,111.0
240600551,,,CA DE LA RIVIERA FRANCAISE,,,0.0,1.0
245300330,,,CA DE LAVAL,,,1.0,1.0
245901160,,,CA DE VALENCIENNES METROPOLE,,,6.0,8.0
247000011,,,CA DE VESOUL,,,2.0,1.0
248300493,,,CA DRACENIE PROVENCE VERDON AGGLOMERATION,,,4.0,7.0
200043172,,,CA DU BASSIN DE BRIVE,,,2.0,2.0
248900334,,,CA DU GRAND SENONAIS,,,4.0,2.0
200039857,,,CA DU PAYS DE GRASSE,,,3.0,3.0
200071892,,,CA DU SAINT QUENTINOIS,,,523.0,626.0
200071454,,,CA EVREUX PORTES DE NORMANDIE,,,1.0,1.0
200069821,,,CA FECAMP CAUX LITTORAL AGGLOMERATION,,,6.0,6.0
200066124,,,CA GAILLAC GRAULHET,,,8.0,92.0
200067825,,,CA GAP TALLARD DURANCE,,,1.0,1.0
248400251,,,CA GRAND AVIGNON,,,17.0,17.0
200069052,,,CA GRAND BELFORT,,,86.0,92.0
247100589,,,CA GRAND CHALON,,,3.0,5.0
200069110,,,CA GRAND CHAMBERY AGGLOMERATION,,,55.0,87.0
200010650,,,CA GRAND DOLE,,,1.0,2.0
200034825,,,CA GRAND GUERET,,,1.0,1.0
243400819,,,CA HERAULT MEDITERRANEE,,,3.0,3.0
200069532,,,CA LISIEUX NORMANDIE,,,53.0,68.0
200065886,,,CA LOIRE FOREZ AGGLOMERATION,,,67.0,90.0
200070308,,,CA MACONNAIS BEAUJOLAIS,,,1.0,2.0
244500203,,,CA MONTARGOISE ET RIVE DU LOING,,,1.0,8.0
240300608,,,CA MONTLUÇON COMMUNAUTE,,,2.0,1.0
200057958,,,PARIS VALLEE DE MARNE,,,6.0,0.0
200057958,,,PARIS VALLEE DE MARNE,,,12.0,0.0
200067254,,,CA PAU BEARN PYRENEES,,,37.0,3.0
240100750,,,CA PAYS DE GEX,,,2.0,2.0
200069037,,,CA PAYS DE SAINT OMER,,,1.0,11.0
200067791,,,CA PAYS FOIX VARILHES,,,1.0,1.0
243800604,,,CA PORTE DE L'ISERE,,,2.0,2.0
200071413,,,CA PRIVAS CENTRE ARDECHE,,,2.0,3.0
200068120,,,CA QUIMPER BRETAGNE OCCIDENTALE,,,7.0,8.0
200067965,,,CA REGION DE COMPIEGNE ET DE LA BASSE AUTOMNE,,,1.0,2.0
200035731,,,CA ROANNAIS AGGLOMERATION,,,2.0,2.0
241200187,,,CA RODEZ AGGLOMERATION,,,2.0,4.0
200066355,,,CA SETE AGGLOPOLE MEDITERRANEE,,,26.0,15.0
240600585,,,CA SOPHIA ANTIPOLIS,,,7.0,9.0
200072072,,,CA TERRITOIRES VENDOMOIS,,,1.0,1.0
245701222,,,CA VAL DE FENSCH,,,12.0,12.0
200035319,,,CA VAR ESTEREL MEDITERRANEE,,,11.0,16.0
248400053,,,CA VENTOUX COMTAT VENAISSIN,,,108.0,127.0
200077014,,,CA VIENNE CONDRIEU,,,1.0,1.0
219400165,,,CACHAN,,,30.0,34.0
211401187,,,CAEN,,,5.0,12.0
215600305,,,CAMOEL,,,2.0,2.0
216401661,,,CARO,,,2.0,2.0
213101132,,,CASTANET TOLOSAN,,,1.0,2.0
213101181,,,CASTELNAU D'ESTRETEFONDS,,,0.0,1.0
213101355,,,CAZERES SUR GARONNE,,,2.0,2.0
244900882,,,CC BAUGEOIS VALLEE,,,4.0,4.0
200066371,,,CC CAUSSES ET VALLEE DE LA DORDOGNE,,,2.0,2.0
247600539,,,CC CAUX ESTUAIRE,,,23.0,23.0
200033116,,,CC CLUSES ARVE ET MONTAGNE,,,1.0,1.0
245901152,,,CC COEUR D'OSTREVENT,,,1.0,1.0
200068815,,,CC COEUR DE GARONNE,,,1.0,1.0
200039204,,,CC DE LACQ-ORTHEZ,,,9.0,15.0
200041515,,,CC DU BASSIN DE PONT A MOUSSON,,,1.0,1.0
240500439,,,CC DU BRIANCONNAIS,,,1.0,2.0
200070530,,,CC DU GRAND AUTUNOIS MORVAN,,,1.0,1.0
246900740,,,CC DU PAYS MORNANTAIS,,,7.0,9.0
246000566,,,CC DU PLATEAU PICARD,,,1.0,1.0
242600252,,,CC DU VAL DE DROME EN BIOVALLEE,,,1.0,1.0
200065894,,,CC FOREZ EST,,,3.0,5.0
243500550,,,CC MONFORT COMMUNAUTE,,,4.0,4.0
240300756,,,CC PAYS DE CHEVAGNES,,,8.0,0.0
248400319,,,CC PAYS DES SORGUES MONTS DE VAUCLUSE,,,6.0,7.0
200068377,,,CC PORTE DES VOSGES MERIDIONALES,,,2.0,2.0
200066884,,,CC QUERCY VERT AVEYRON,,,1.0,2.0
200068146,,,CC SARREBOURG MOSELLE SUD,,,1.0,1.0
243100773,,,CC VAL AIGO,,,1.0,1.0
200041465,,,CC VAL'EYRIEUX,,,1.0,0.0
241300375,,,CC VALLEE DES BAUX ALPILLES,,,4.0,4.0
243100658,,,CC VOLVESTRE,,,0.0,2.0
263300626,,,CCAS BORDEAUX,,,3.0,5.0
217700673,,,CESSON,,,1.0,1.0
215101015,,,CHALONS EN CHAMPAGNE,,,1.0,0.0
217300656,,,CHAMBERY,,,13.0,37.0
200075810,,,CHAMBERY GRAND LAC ECONOMIE,,,2.0,2.0
216900407,,,CHAMPAGNE AU MONT D'OR,,,6.0,6.0
217700798,,,CHAMPAGNE SUR SEINE,,,9.0,9.0
221600018,,,CHARENTE,,,57.0,71.0
830836698,,,CHARENTE TOURISME,,,16.0,17.0
807667316,,,CHARTRES METROPOLE TRANSPORTS,,,2.0,2.0
200064483,,,CHATEAUGIRON,,,1.0,1.0
213600448,,,CHATEAUROUX,,,10.0,12.0
217801463,,,CHATOU,,,1.0,1.0
310679055,,,CITEDIA,,,2.0,2.0
218300424,,,COGOLIN,,,3.0,3.0
217701226,,,COMBS LA VILLE,,,11.0,15.0
301072880,,,COMITE REGIONAL DU TOURISME ILE DE FRANCE,,,7.0,8.0
568500680,,,COMPAGNIE DES TRANSPORTS STRASBOURGEOIS,,,1.0,1.0
217801729,,,CONFLANS SAINT HONORINE,,,0.0,0.0
182019208,,,CORSE COMPETENCES,,,0.0,4.0
222100018,,,COTE D'OR,,,3.0,1.0
217001817,,,COURCUIRE,,,2.0,1.0
217701390,,,COURTRY,,,4.0,0.0
820657971,,,CRT BOURGOGNE FC,,,2.0,23.0
245900428,,,CU DE DUNKERQUE,,,74.0,84.0
200067213,,,CU GRAND REIMS,,,1.0,5.0
200084952,,,CU LE HAVRE SEINE METROPOLE,,,206.0,212.0
200067064,,,DECAZEVILLE COMMUNAUTE,,,1.0,1.0
217602176,,,DIEPPE,,,9.0,9.0
211701404,,,DOLUS D'OLERON,,,1.0,1.0
218801413,,,DOMBROT SUR VAIR,,,2.0,2.0
218801561,,,DONCIERES,,,4.0,4.0
214400525,,,DONGES,,,3.0,3.0
222500019,,,DOUBS,,,28.0,88.0
200037729,,,DOUBS TRES HAUT DEBIT,,,3.0,3.0
218300507,,,DRAGUIGNAN,,,1.0,1.0
213801517,,,ECHIROLLES,,,6.0,9.0
216800789,,,EGUISHEIM,,,1.0,1.0
217701697,,,EMERAINVILLE,,,1.0,0.0
216402222,,,ETCHEBAR,,,2.0,2.0
219102258,,,ETIOLLES,,,0.0,4.0
200058014,,,ETP GRAND ORLY SEINE BIEVRE (T12),,,81.0,80.0
481611135,,,EUSKAL HERRIKO LABORANTZA GANBARA,,,3.0,3.0
830336558,,,EVOLITY CA MONTBELIARD,,,1.0,1.0
210600599,,,EZE,,,1.0,1.0
210700886,,,FAUGERES,,,5.0,5.0
214400574,,,FEGREAC,,,1.0,1.0
215600586,,,FEREL,,,1.0,2.0
222900011,,,FINISTERE,,,91.0,137.0
214200958,,,FIRMINY,,,1.0,1.0
211402714,,,FLEURY SUR ORNE,,,43.0,46.0
213101876,,,FONSORBES,,,0.0,2.0
211300397,,,FOS SUR MER,,,4.0,4.0
218300614,,,FREJUS,,,6.0,8.0
255502262,,,FUCLEM,,,1.0,0.0
216402289,,,GABAT,,,2.0,2.0
216402297,,,GAMARTHE,,,2.0,1.0
213401110,,,GANGES,,,2.0,2.0
219502689,,,GARGES-LES-GONESSE,,,2.0,10.0
200043115,,,GEOVENDEE MAISON DES COMMUNES,,,1.0,2.0
187609110,,,GIP SEINE AVAL,,,13.0,14.0
781843750,,,GIRONDE TOURISME,,,30.0,30.0
241600253,,,GRAND ANGOULEME,,,9.0,20.0
775701253,,,GRAND PORT MARITIME DE ROUEN,,,3.0,3.0
775700198,,,GRAND PORT MARITIME DU HAVRE,,,22.0,22.0
215002189,,,GRANVILLE,,,0.0,0.0
214400673,,,GUEMENE PENFAO,,,1.0,1.0
214400699,,,GUERANDE,,,4.0,9.0
442638698,,,GWAD'AIR,,,13.0,13.0
216402552,,,HALSOU,,,2.0,2.0
327216875,,,HAUTE GARONNE TOURISME,,,0.0,0.0
226500015,,,HAUTES PYRENEES,,,78.0,92.0
809413586,,,HAWA MAYOTTE,,,6.0,4.0
223400011,,,HERAULT,,,34.0,198.0
322148834,,,HERAULT TOURISME,,,0.0,16.0
214400723,,,HERBIGNAC,,,1.0,1.0
775684483,,,IAU ILE DE FRANCE,,,115.0,120.0
213501331,,,IFFENDIC,,,6.0,6.0
287500078,,,ILE DE FRANCE MOBILITES,,,81.0,120.0
223500018,,,ILE ET VILAINE,,,25.0,23.0
223600016,,,INDRE,,,8.0,9.0
259401099,,,INFOCOM'94,,,14.0,0.0
223800012,,,ISERE,,,81.0,140.0
216402792,,,ITXASSOU,,,2.0,2.0
216402834,,,JAXU,,,2.0,2.0
223900010,,,JURA,,,2.0,0.0
487875593,,,KEOLIS AGEN,,,3.0,3.0
804363521,,,KEOLIS BUS VERTS,,,1.0,1.0
572028660,,,KEOLIS CAEN,,,1.0,24.0
523576395,,,KEOLIS CHAUMONT,,,1.0,1.0
844404392,,,KEOLIS MENTON RIVIERA,,,1.0,1.0
340035526,,,KEOLIS RENNES,,,35.0,35.0
814870853,,,KICEO CTGMVA,,,2.0,2.0
214400558,,,LA BAULE ESCOUBLAC,,,3.0,14.0
215901430,,,LA CHAPELLE D'ARMENTIERES,,,1.0,1.0
214400301,,,LA CHAPELLE DES MARAIS,,,2.0,2.0
210600656,,,LA GAUDE,,,2.0,2.0
213502032,,,LA NOUAYE,,,4.0,4.0
239740012,,,LA REUNION,,,21.0,21.0
218301265,,,LA SEYNE SUR MER,,,1.0,1.0
211704523,,,LA TREMBLADE,,,1.0,1.0
212203855,,,LA VICOMTE SUR RANCE,,,2.0,2.0
216402974,,,LACARRE,,,2.0,2.0
218802585,,,LAMARCHE,,,2.0,2.0
212200943,,,LANCIEUX,,,1.0,1.0
219101797,,,LE COUDRAY MONTCEAUX,,,7.0,7.0
214400491,,,LE CROISIC,,,1.0,1.0
503486870,,,LE MOTIF - OBSERVATOIRE DU LIVRE ET DE L'ECRIT,,,8.0,8.0
214401358,,,LE POULIGUEN,,,1.0,1.0
213302433,,,LIBOURNE,,,19.0,22.0
217702513,,,LIEUSAINT,,,7.0,7.0
413095811,,,LIG'AIR,,,129.0,227.0
254402738,,,LILA PRESQU'ILE,,,5.0,5.0
216901165,,,LIMONEST,,,1.0,1.0
219103405,,,LISSES,,,2.0,2.0
793698705,,,LOIRE ATLANTIQUE DEVELOPPEMENT,,,37.0,37.0
315387209,,,LOIRE ATLANTIQUE TOURISME,,,26.0,26.0
215903600,,,LOOS,,,4.0,12.0
200067460,,,LOUDEAC COMMUNAUTE,,,2.0,3.0
423221795,,,MADININAIR,,,26.0,20.0
399054964,,,MAISON DE L'ESTUAIRE DE LA SEINE,,,19.0,20.0
844634873,,,MALO AGGLO TRANSPORTS,,,3.0,1.0
255003592,,,MANCHE NUMERIQUE,,,30.0,0.0
219400470,,,MANDRE LES ROSES,,,7.0,0.0
200060010,,,MAUGES COMMUNAUTE,,,8.0,9.0
225300011,,,MAYENNE,,,292.0,294.0
216205633,,,MAZINGARBE,,,7.0,7.0
216403758,,,,,,2.0,
216403774,,,MENDIONDE,,,2.0,2.0
210600839,,,MENTON,,,1.0,1.0
213103419,,,MERVILLE,,,1.0,0.0
213401573,,,MEZE,,,4.0,4.0
216902833,,,MIONS,,,4.0,4.0
213103450,,,MIREMONT,,,2.0,2.0
214001927,,,MONT DE MARSAN,,,1.0,1.0
212503882,,,MONTBELIARD,,,3.0,4.0
211702402,,,MONTENDRE,,,1.0,1.0
213103757,,,MONTESQUIEU VOLVESTRE,,,9.0,9.0
214401036,,,MONTOIR DE BRETAGNE,,,2.0,2.0
219300480,,,MONTREUIL,,,91.0,96.0
225600014,,,MORBIHAN,,,17.0,20.0
255601106,,,MORBIHAN ENERGIES,,,13.0,13.0
315903898,,,MORBIHAN TOURISME,,,4.0,0.0
314549262,,,MUSIQUE ET DANSE EN LOIRE ATLANTIQUE,,,10.0,10.0
217703263,,,NANDY,,,1.0,1.0
243000643,,,NIMES METROPOLE,,,34.0,5.0
217703370,,,NOISIEL,,,5.0,0.0
200012508,,,NOUMEA,,,14.0,17.0
509795829,,,NOUVELLE AQUITAINE PIGMA,,,255.0,255.0
828647842,,,NOUVELLE AQUITAINE TOURISME,,,87.0,0.0
200024933,,,NOUVELLE CALEDONIE GOUVERNEMENT,,,156.0,329.0
200081735,,,NOUVELLE-AQUITAINE MOBILITES,,,74.0,76.0
200053791,,,OCCITANIE,,,125.0,266.0
217604818,,,OCTEVILLE SUR MER,,,3.0,3.0
395235047,,,OFFICE DE TOURISME METROPOLITAIN NICE COTE D'AZUR,,,10.0,10.0
789710589,,,ONDEA LAC DU BOURGET,,,1.0,1.0
211201769,,,ONET LE CHATEAU,,,7.0,7.0
216404293,,,ORSANCO,,,2.0,2.0
216404350,,,OSSERAIN-RIVAREYTE,,,2.0,2.0
250600723,,,PALMBUS CA CANNES PAYS DE LERINS,,,1.0,2.0
325920080,,,PAS DE CALAIS TOURISME,,,74.0,74.0
200048965,,,PAYS DE SAINT BRIEUC,,,25.0,26.0
215601543,,,PEILLAC,,,1.0,1.0
213303183,,,PESSAC,,,2.0,2.0
217604974,,,PETIT COURONNE,,,5.0,5.0
200049690,,,PETR PAYS MIDI QUERCY,,,9.0,8.0
381785120,,,PICARDIE NATURE,,,6.0,6.0
219400595,,,PLESSIS TREVISE,,,11.0,7.0
213502271,,,PLEUMELEUC,,,6.0,6.0
200054252,,,PLOEUC L'HERMITAGE,,,1.0,1.0
212202154,,,PLOUFRAGAN,,,7.0,7.0
252106620,,,PNR DU MORVAN,,,17.0,58.0
251900130,,,PNR MILLEVACHES LIMOUSIN,,,8.0,8.0
200072866,,,POLE METROPOLITAIN DE L'ESTUAIRE DE LA SEINE,,,5.0,6.0
200033736,,,POLE METROPOLITAIN DU PAYS DE BREST,,,37.0,30.0
213803174,,,PONT DE CLAIX,,,3.0,3.0
217703735,,,PONTAULT-COMBAULT,,,4.0,0.0
214401325,,,PORNICHET,,,1.0,1.0
782815666,,,PROVENCE TOURISME,,,9.0,0.0
200012979,,,PROVINCE DES ILES LOYAUTE - NOUVELLE CALEDONIE,,,3.0,3.0
200012656,,,PROVINCE NORD - NOUVELLE CALEDONIE,,,6.0,6.0
200012490,,,PROVINCE SUD - NOUVELLE CALEDONIE,,,13.0,13.0
218301000,,,PUGET VILLE,,,8.0,8.0
219200623,,,PUTEAUX,,,2.0,2.0
226400018,,,PYRENEES ATLANTIQUES,,,34.0,39.0
482886694,,,QUALITAIR CORSE,,,106.0,92.0
215601865,,,QUIBERON,,,2.0,4.0
217805175,,,RAMBOUILLET,,,7.0,7.0
775663438,,,RATP,,,55.0,48.0
815142229,,,REGIE DES TRANSPORTS CARCASONNE AGGLO,,,2.0,1.0
493397673,,,REGIE DES TRANSPORTS DU TERRITOIRE DE BELFORT,,,2.0,2.0
794030213,,,REGIE LIGNES D'AZUR,,,5.0,6.0
216902866,,,RILLIEUX LA PAPE,,,7.0,13.0
219105210,,,RIS ORANGIS,,,5.0,1.0
217703909,,,ROISSY-EN-BRIE,,,8.0,19.0
210601043,,,ROQUEBRUNE CAP MARTIN,,,3.0,3.0
213104581,,,ROQUES,,,2.0,0.0
219300647,,,ROSNY SOUS BOIS,,,6.0,6.0
219200631,,,RUEIL MALMAISON,,,23.0,24.0
317032993,,,SAEMES,,,28.0,27.0
214401515,,,SAINT ANDRE DES EAUX,,,2.0,2.0
212105407,,,SAINT APOLLINAIRE,,,2.0,1.0
216303230,,,SAINT BONNET LE BOURG,,,1.0,1.0
213904782,,,SAINT CLAUDE,,,20.0,21.0
216901918,,,SAINT CYR AU MONT D'OR,,,4.0,4.0
218301125,,,SAINT CYR SUR MER,,,1.0,1.0
219740115,,,SAINT DENIS DE LA REUNION,,,102.0,107.0
216901942,,,SAINT DIDIER AU MONT D'OR,,,6.0,6.0
216404764,,,SAINT ESTEBEN,,,2.0,2.0
216404772,,,SAINT ETIENNE DE BAIGORRY,,,2.0,2.0
244200770,,,SAINT ETIENNE METROPOLE,,,6.0,12.0
211703335,,,SAINT GEORGES DE DIDONNE,,,1.0,1.0
217805514,,,SAINT GERMAIN EN LAYE,,,5.0,9.0
213502776,,,SAINT GONLAY,,,4.0,4.0
214401689,,,SAINT JOACHIM,,,2.0,2.0
218804219,,,SAINT JULIEN,,,2.0,2.0
211703517,,,SAINT JUST LUZAC,,,1.0,1.0
216902882,,,SAINT LAURENT DE MURE,,,2.0,2.0
213304330,,,SAINT LOUBES,,,1.0,4.0
214401762,,,SAINT MALO DE GUERSAC,,,2.0,2.0
219400678,,,SAINT MANDE,,,3.0,3.0
217104454,,,SAINT MARCEL,,,4.0,3.0
213804214,,,SAINT MARTIN D'HERES,,,27.0,45.0
214401838,,,SAINT MOLF,,,1.0,1.0
214401846,,,SAINT NAZAIRE,,,13.0,22.0
211703806,,,SAINT PALAIS SUR MER,,,1.0,1.0
214002792,,,SAINT PAUL LES DAX,,,45.0,45.0
214002818,,,SAINT PIERRE DU MONT,,,3.0,4.0
216902908,,,SAINT PRIEST,,,1.0,1.0
215602392,,,SAINT VINCENT SUR OUST,,,3.0,3.0
217605526,,,SAINTE ADRESSE,,,1.0,1.0
213502941,,,SAINTE MARIE,,,1.0,1.0
528139876,,,SARTHE DEVELOPPEMENT,,,4.0,4.0
217704451,,,SAVIGNY LE TEMPLE,,,4.0,4.0
219200714,,,SCEAUX,,,2.0,4.0
250400710,,,SDE 04 ALPES HAUTE PROV,,,1.0,0.0
250700358,,,SDE 07 ARDECHE,,,2.0,0.0
241800549,,,SDE 18 CHER,,,1.0,1.0
252401476,,,SDE 24 DORDOGNE,,,1.0,1.0
251001889,,,SDEA,,,1.0,1.0
200045938,,,SDEC ENERGIE,,,1.0,1.0
200031987,,,SDEI 36 INDRE,,,1.0,1.0
200041309,,,SDESM,,,1.0,1.0
281700252,,,SDIS 17 CHARENTE MARITIME,,,2.0,0.0
281000018,,,SDIS 21 COTE D'OR,,,1.0,1.0
283000016,,,SDIS 30 GARD,,,3.0,3.0
283300028,,,SDIS 33 GIRONDE,,,1.0,1.0
283900017,,,SDIS 39 JURA,,,1.0,1.0
284400017,,,SDIS 44 LOIRE ATLANTIQUE,,,4.0,4.0
284900016,,,SDIS 49 MAINE ET LOIRE,,,2.0,0.0
285800017,,,SDIS 58 NIEVRE,,,2.0,2.0
286700174,,,SDIS 67 BAS RHIN,,,3.0,1.0
287200265,,,SDIS 72 SARTHE,,,1.0,1.0
288100019,,,SDIS 81 TARN,,,3.0,3.0
289500795,,,SDIS 90 BELFORT,,,1.0,1.0
287100010,,,SDSI 71 SAONE ET LOIRE,,,2.0,3.0
227700010,,,SEINE ET MARNE,,,1.0,1.0
314655788,,,SEM BIBUS Brest,,,3.0,0.0
489418111,,,SEM DES TRANSPORTS MONTALBANAIS,,,3.0,3.0
314684960,,,SEMITAN,,,4.0,4.0
215602434,,,SENE,,,2.0,2.0
213403017,,,SETE,,,27.0,28.0
325793826,,,SETRAM,,,1.0,1.0
256204033,,,SI TRANSPORTS URBAINS AGGLO DU CALAISIS,,,1.0,0.0
318163094,,,SIBRA ANNECY,,,1.0,1.0
925620262,,,SICAE OISE,,,3.0,3.0
200049922,,,SICECO,,,2.0,0.0
250601879,,,SICTIAM,,,46.0,10.0
200076545,,,SIEIL 37 INDRE ET LOIRE,,,1.0,1.0
254200546,,,SIEL 42 LOIRE,,,1.0,0.0
213503287,,,SIXT SUR AFF,,,26.0,34.0
250602026,,,SM STATION DE VALBERG,,,4.0,4.0
200031268,,,SM4CC,,,2.0,2.0
251602660,,,SMD CALITOM,,,1.0,1.0
257603894,,,SMEAU SIDESA,,,1.0,1.0
200000586,,,SMED ALPES MARITIMIES,,,1.0,1.0
251200861,,,SMICA,,,3.0,66.0
253306617,,,SMICVAL,,,1.0,0.0
254178056,,,SMIEEOM VAL DE CHER,,,5.0,5.0
200052587,,,SMN ANJOU NUMERIQUE,,,2.0,0.0
200033702,,,SMO SUD THD,,,87.0,3.0
259102457,,,SMOYS,,,1.0,1.0
256300120,,,SMTC AGGLOMERATION CLERMONTOISE,,,2.0,4.0
200026615,,,SMTC DU GRAND NOUMEA,,,1.0,1.0
253800825,,,SMTC GRENOBLE,,,46.0,71.0
200006039,,,SMTC OISE MOBILITE,,,1.0,1.0
200024883,,,SMTC PAU BEARN MOBILITE,,,10.0,17.0
200046639,,,SMTC SIMOUV,,,1.0,1.0
200016632,,,SMTC TOUT'ENBUS,,,1.0,1.0
200081263,,,SMTL FIBRE 64 PYR. ATL,,,4.0,3.0
520286873,,,SOCIETE DES TRANSPORTS URBAINS DE VIERZON,,,1.0,1.0
210206959,,,SOISSONS,,,33.0,49.0
945551018,,,SOLEA,,,1.0,1.0
251702320,,,SOLURIS,,,3.0,2.0
216405274,,,SOURAIDE,,,2.0,2.0
211603741,,,SOYAUX,,,2.0,2.0
219400710,,,SUCY EN BRIE,,,7.0,6.0
200009884,,,SYBLE,,,12.0,12.0
257102582,,,SYDESL 71 SAONE ET LOIRE,,,1.0,1.0
200042489,,,SYDEV,,,1.0,1.0
258302744,,,SYMIELEC VAR,,,2.0,1.0
250700267,,,SYNDICAT DES EAUX DU BASSIN DE L'ARDECHE,,,2.0,2.0
256401605,,,SYNDICAT DES MOBILITES PAYS BASQUE-ADOUR,,,3.0,4.0
256900994,,,SYTRAL,,,20.0,34.0
212106173,,,TALANT,,,6.0,3.0
213305220,,,TALENCE,,,8.0,20.0
213503311,,,TALENSAC,,,6.0,6.0
200061257,,,TARN ET GARONNE NUMERIQUE,,,1.0,8.0
213503345,,,THORIGNE FOUILLARD,,,6.0,6.0
253100986,,,TISSEO,,,3.0,3.0
217704683,,,TORCY,,,2.0,6.0
248300543,,,TOULON PROVENCE MEDITERRANEE,,,30.0,59.0
243700754,,,TOURS METROPOLE VAL DE LOIRE,,,83.0,149.0
380089664,,,TRANSDEV LE HAVRE,,,1.0,1.0
552049447,,,TRANSILIEN,,,15.0,0.0
243400470,,,CA DU PAYS DE L'OR,,,1.0,7.0
243400470,,,TRANSP'OR CA PAYS DE L'OR,,,1.0,1.0
780340360,,,TRANSPORTS EN COMMUN DE L'AGGLOMERATION TROYENNE,,,1.0,1.0
214402109,,,TRIGNAC,,,0.0,0.0
213805179,,,TULLINS,,,1.0,1.0
200045979,,,USEDA,,,1.0,2.0
200072064,,,VAL DE CHER CONTROIS,,,23.0,25.0
219106317,,,VARENNES JARCY,,,1.0,1.0
216902569,,,VAULX EN VELIN,,,6.0,6.0
534275698,,,VECTALIA PERPIGNAN MEDITERRANEE,,,1.0,1.0
210601597,,,VILLEFRANCHE SUR MER,,,1.0,1.0
210601613,,,VILLENEUVE LOUBET,,,2.0,2.0
216902668,,,VILLEURBANNE,,,3.0,4.0
219400801,,,VINCENNES,,,8.0,32.0
450655147,,,VITALIS,,,2.0,2.0
215906363,,,WAMBRECHIES,,,5.0,5.0
228900015,,,YONNE,,,0.0,0.0
254002272,,,ADACL Landes,,,,5.0
775598998,,,AGENCE DE TOURISME LOIR ET CHER (ADT41),,,,2.0
210500039,,,AIGUILLES,,,,1.0
216400119,,,AINCILE,,,,3.0
216400119,,,AINCILLE,,,,3.0
218700102,,,AIXE SUR VIENNE,,,,1.0
248000531,,,AMIENS METROPOLE,,,,1.0
200063402,,,ANNECY,,,,8.0
200059061,,,ARELAUNE EN SEINE,,,,1.0
219500188,,,ARGENTEUIL,,,,43.0
213600067,,,ARGENTON-SUR-CREUSE,,,,8.0
210500070,,,ARVIEUX,,,,1.0
216400663,,,ASCARAT,,,,2.0
210500088,,,ASPREMONT(05),,,,1.0
210500096,,,ASPRES-LES-CORPS,,,,1.0
210500104,,,ASPRES-SUR-BUECH,,,,1.0
200044543,,,ATD DE LA CHARENTE,,,,1.0
252405147,,,ATD DE LA DORDOGNE,,,,1.0
200077113,,,AUBESSAGNE,,,,1.0
218400042,,,AUBIGNAN,,,,2.0
200043123,,,AURAY QUIBERON TERRE ATLANTIQUE,,,,1.0
216500595,,,BAGNERES DE BIGORRE,,,,13.0
210500120,,,BARATIER,,,,1.0
210400198,,,BARCELONNETTE,,,,1.0
214000309,,,BAUDIGNAN,,,,1.0
200052702,,,BAUGE-EN-ANJOU,,,,5.0
214500241,,,BAULE,,,,5.0
213500168,,,BAULON,,,,1.0
213300486,,,BERTHEZ,,,,3.0
210100434,,,BEYNOST,,,,1.0
216401208,,,BEYRIE-SUR-JOYEUSE,,,,1.0
216401349,,,BONLOC,,,,2.0
212600589,,,BOURG-LES-VALENCE,,,,1.0
241800507,,,BOURGES PLUS AGGLOMERATION,,,,1.0
210500252,,,BUISSARD,,,,1.0
200068997,,,CA ARLYSERE,,,,1.0
200070993,,,CA BAIE DE SOMME,,,,7.0
242000354,,,CA BASTIA,,,,1.0
200071785,,,CA CHAUNY-TERGNIER-LA FERE,,,,1.0
200072031,,,CA DE LA REGION CHATEAU-THIERRY,,,,1.0
243800984,,,CA DU PAYS VOIRONNAIS,,,,1.0
200068757,,,CA EPINAL,,,,1.0
246200364,,,CA LENS-LIEVIN,,,,2.0
249400078,,,CA PARIS - VALLEE DE LA MARNE,,,,0.0
200067106,,,CA PAYS-BASQUE,,,,3.0
200056380,,,CA PLAINE VALLEE,,,,476.0
200068104,,,CA PROVENCE VERTE,,,,1.0
248300394,,,CA SUD-SAINTE BAUME,,,,2.0
212200281,,,CAMLEZ,,,,1.0
218400315,,,CARPENTRAS,,,,4.0
217801232,,,CARRIERES-SOUS-POISSY,,,,6.0
213200900,,,CASTILLON-SAVES,,,,1.0
243500659,,,CC  CHATEAUGIRON COMMUNAUTE,,,,3.0
246500573,,,CC AURE ET LOURON,,,,1.0
200067221,,,CC CENTRE MORBIHAN COMMUNAUTE,,,,2.0
200072049,,,CC CHARENTE LIMOUSINE,,,,1.0
249100553,,,CC ENTRE JUINE ET RENARDE,,,,3.0
242900561,,,CC HAUTE CORNOUAILLE,,,,18.0
246500482,,,CC HAUTE-BIGORRE,,,,11.0
244901013,,,CC LOIRE LAYON AUBANCE,,,,0.0
200072676,,,CC MAINE SAOSNOIS,,,,1.0
244000865,,,CC MAREMNE ADOUR COTE-SUD (CCMACS),,,,7.0
247300452,,,CC MAURIENNE-GALIBIER,,,,6.0
200068559,,,CC OUEST VOSGIEN,,,,1.0
200071967,,,CC PAYS D'EVIAN VALLEE D'ABONDANCE,,,,1.0
244700449,,,CC PAYS DE DURAS,,,,1.0
240400440,,,CC PAYS DE FORCALQUIER,,,,12.0
246000897,,,CC PLAINE D'ESTREES,,,,6.0
200070787,,,CC PLATEAU DE LANNEMEZAN,,,,1.0
200040491,,,CC PORTE DROME ARDECHE,,,,1.0
242101509,,,CC RIVES DE SAONE,,,,1.0
200027217,,,CC SARLAT PERIGORD NOIR,,,,1.0
248100158,,,CC SOR ET AGOUT,,,,26.0
200040764,,,CC SUD CORSE,,,,1.0
248100745,,,CC THORE MONTAGNE NOIRE,,,,9.0
249100546,,,CC VAL D'ESSONNE,,,,3.0
248300410,,,CC VALLEE DU GAPEAU,,,,1.0
246900724,,,CC VALONS DU LYONNAIS,,,,1.0
247600588,,,CC VILLES SOEURS,,,,1.0
247600620,,,CC YVETOT NORMANDIE,,,,1.0
210500260,,,CEILLAC,,,,1.0
210500286,,,CHABESTAN,,,,1.0
210500294,,,CHABOTTES,,,,1.0
210500310,,,CHAMPCELLA,,,,1.0
210500328,,,CHAMPOLEON,,,,1.0
213500598,,,CHAPELLE DES FOUGERETZ,,,,1.0
216900431,,,CHAPONOST,,,,1.0
200026334,,,CHARTRES METROPOLE,,,,1.0
210500385,,,CHATEAU-VILLE-VIEILLE,,,,1.0
210500351,,,CHATEAUNEUF D'OZE,,,,1.0
212900278,,,CHATEAUNEUF-DU-FAOU,,,,18.0
219200201,,,CHATILLON,,,,1.0
214200594,,,CHAZELLES-SUR-LYON,,,,7.0
216001446,,,CHELLES,,,,8.0
216301135,,,CLERMONT-FERRAND,,,,24.0
246300701,,,CLERMONT-FERRAND METROPOLE,,,,16.0
215600420,,,COLPO,,,,2.0
249730045,,,COMMUNAUTE D'AGGLOMERATION DU CENTRE LITTORAL,,,,75.0
216001586,,,COMPIEGNE,,,,1.0
210400628,,,CONDAMINE-CHATELARD,,,,1.0
210500450,,,CROTS,,,,1.0
210400651,,,CRUIS,,,,12.0
200059889,,,CU GRAND PARIS SEINE & OISE (GPSEO),,,,21.0
210400669,,,CURBANS,,,,1.0
130011224,,,DDT TARN ET GARONNE,,,,354.0
217602168,,,DEVILLE LES ROUEN,,,,1.0
210400735,,,ENCHASTRAYES,,,,1.0
218801603,,,EPINAL,,,,3.0
217802172,,,EPONE,,,,12.0
219502192,,,ERMONT,,,,1.0
218300523,,,ESPARRON,,,,1.0
216402149,,,ESPES-UNDUREIN,,,,2.0
217602556,,,EU,,,,3.0
790696009,,,EVEOLE,,,,1.0
217401199,,,EVIAN LES BAINS,,,,16.0
200083525,,,EVRY COURCOURONNES,,,,32.0
210500526,,,EYGLIERS,,,,1.0
210400867,,,FAUCON-DE-BARCELONNETTE,,,,1.0
210400883,,,FORCALQUIER,,,,0.0
210500567,,,FOREST-SAINT-JULIEN,,,,1.0
210500575,,,FOUILLOUSE,,,,1.0
217604750,,,FRANQUEVILLE SAINT PIERRE,,,,2.0
210500583,,,FREISSINIERES,,,,1.0
210500609,,,FURMEYER,,,,1.0
210500617,,,GAP,,,,1.0
223000019,,,GARD,,,,30.0
214001059,,,GAREIN,,,,2.0
200075547,,,GENNES-VAL-DE-LOIRE,,,,1.0
130004658,,,GIP LITTORAL AQUITAIN,,,,15.0
200010049,,,GIRONDE NUMERIQUE,,,,6.0
200066793,,,GRAND ANNECY,,,,8.0
239710015,,,GUADELOUPE,,,,3.0
216402495,,,GUETHARY,,,,1.0
212200711,,,GUITTE,,,,1.0
440784353,,,HAGANIS,,,,1.0
224300012,,,HAUTE-LOIRE,,,,2.0
215703067,,,HAYANGE,,,,5.0
215002411,,,HEMEVEZ,,,,1.0
216402651,,,HOSTA,,,,2.0
215903162,,,HOUPLIN-ANCOISNE,,,,3.0
216402677,,,IBARROLLE,,,,1.0
216402719,,,IHOLDY,,,,1.0
215600909,,,INZINZAC LOCHRIST,,,,1.0
216402776,,,ISTURITS,,,,2.0
210500682,,,JARJAYES,,,,1.0
216402859,,,JUXUE,,,,2.0
313151110,,,KEOLIS ARRAS,,,,1.0
210500062,,,L'ARGENTIERE-LA-BESSEE,,,,1.0
210500187,,,LA BATIE-VIEILLE,,,,1.0
210500542,,,LA FARE-EN-CHAMPSAUR,,,,1.0
219740081,,,LA POSSESSION,,,,5.0
210501227,,,LA ROCHE DE RAME,,,,1.0
210501235,,,LA ROCHE-DES-ARNAUDS,,,,1.0
216402941,,,LABETS-BISCAY,,,,3.0
214001380,,,LACRABE,,,,1.0
213501406,,,LALLEU,,,,1.0
215903287,,,LAMBERSART,,,,12.0
212201107,,,LANMERIN,,,,1.0
212901136,,,LANMEUR,,,,1.0
216403139,,,LANTABAT,,,,3.0
213302300,,,LAPOUYADE,,,,3.0
210500716,,,LARDIER-ET-VALENÇA,,,,1.0
215601071,,,LARMOR PLAGE,,,,1.0
216403196,,,LARRIBAR-SORHAPURU,,,,1.0
210500724,,,LAYE,,,,1.0
200033694,,,LE DEVOLUY,,,,1.0
210500625,,,LE GLAIZIL,,,,1.0
210500955,,,LE NOYER,,,,1.0
213601594,,,LE POINCONNET,,,,26.0
210501631,,,LE SAUZE-DU-LAC,,,,1.0
212901235,,,LENNON,,,,2.0
210500989,,,LES ORRES,,,,1.0
210402202,,,LES THUILES,,,,1.0
210501805,,,LES VIGNEAUX,,,,1.0
219200441,,,LEVALLOIS,,,,75.0
210401048,,,LIMANS,,,,12.0
218501278,,,LONGEVILLE-SUR-MER,,,,1.0
200056091,,,LONGUENEE EN ANJOU,,,,1.0
212901417,,,LOQUEFFRET,,,,1.0
216403501,,,LOUHOSSOA,,,,1.0
214001612,,,LUBBON,,,,1.0
216403626,,,LUXE-SUMBERRAUTE,,,,2.0
213601081,,,LYS-SAINT-GEORGES,,,,7.0
217201805,,,MAMERS,,,,1.0
213401508,,,MARSEILLAN,,,,5.0
216403683,,,MASPARRAUTE,,,,1.0
216403717,,,MAULEON-LICHARRE,,,,2.0
217702851,,,MEE-SUR-SEINE,,,,1.0
510651441,,,MEHARIN,,,,2.0
210401618,,,MEOLANS-REVEL,,,,1.0
217702901,,,MERY SUR MARNE,,,,1.0
225500016,,,MEUSE,,,,1.0
218601581,,,MIGNE-AUXANCES,,,,3.0
210500773,,,MOLINES EN QUEYRAS,,,,1.0
216403915,,,MONCAYOLLE-LARRORY-MENDIBIEU,,,,2.0
200081115,,,MONTAIGU-VENDEE,,,,1.0
814150900,,,MONTELIBUS,,,,1.0
210102620,,,MONTLUEL,,,,1.0
210500872,,,MONTMAUR,,,,1.0
210500922,,,NEFFES,,,,0.0
215904285,,,NEUVILLE-SAINT-REMY,,,,7.0
217804517,,,NEZEL,,,,8.0
213001894,,,NIMES,,,,104.0
217901917,,,NIORT,,,,35.0
200041317,,,NIORT AGGLOMERATION,,,,4.0
210401386,,,NIOZELLES,,,,0.0
225900018,,,NORD,,,,7.0
210500963,,,ORCIERES,,,,1.0
383743317,,,ORECAN (OFF. REG. ENRG. CLIM. AIR NORM.),,,,1.0
210500997,,,OZE,,,,1.0
216404418,,,PAGOLLE,,,,1.0
217202290,,,PARENNES,,,,2.0
226200012,,,PAS DE CALAIS,,,,1.0
200043321,,,PAYS DE MORMAL,,,,3.0
200080364,,,PAYS SERRE-PONCON UBAYE DURANCE,,,,19.0
210501003,,,PELLEAUTIER,,,,1.0
211702741,,,PERIGNY,,,,1.0
210401501,,,PIEGUT,,,,1.0
212901730,,,PLONEIS,,,,2.0
210501045,,,POLIGNY (05),,,,1.0
212002471,,,PORTO-VECCHIO,,,,16.0
219300613,,,PRE SAINT-GERVAIS,,,,3.0
210501078,,,PUY SAINT ANDRE,,,,1.0
210501110,,,PUY SANIERES,,,,1.0
210501086,,,PUY-SAINT-EUSEBE,,,,1.0
212202584,,,QUESSOY,,,,1.0
212902324,,,QUIMPER,,,,1.0
215202979,,,RANGECOURT,,,,1.0
757200464,,,REGIE DES TRANSPORT DE L'AIN,,,,1.0
783669831,,,REGIE MUNICIPALE D'ELECTRICITE DE LOOS,,,,4.0
215104217,,,REIMS,,,,2.0
210501151,,,REMOLLON,,,,1.0
210501169,,,REOTIER,,,,1.0
214001646,,,RETJONS,,,,1.0
410201164,,,RGD SAVOIE MONT BLANC,,,,2.0
210501193,,,RISOUL,,,,1.0
210501219,,,ROCHEBRUNE,,,,1.0
210501243,,,ROCHETTE(05),,,,1.0
217805316,,,ROSNY-SUR-SEINE,,,,10.0
217605401,,,ROUEN,,,,5.0
200023414,,,ROUEN NORMANDIE METROPOLE,,,,65.0
210501276,,,ROUSSET,,,,1.0
215905225,,,SAILLY-LEZ-LANNOY,,,,13.0
210501318,,,SAINT AUBAN D'OZE,,,,1.0
217605617,,,SAINT AUBIN LES ELBEUF,,,,5.0
213502552,,,SAINT BENOIT DES ONDES,,,,1.0
213303936,,,SAINT DENIS DE PILE,,,,6.0
215602228,,,SAINT JEAN BREVELAY,,,,1.0
219105731,,,SAINT PIERRE DU PERRAY,,,,3.0
212203244,,,SAINT QUAY PERROS,,,,2.0
212902647,,,SAINT SERVAIS,,,,2.0
210501300,,,SAINT-APOLLINAIRE,,,,1.0
240500215,,,SAINT-BONNET-EN-CHAMPSAUR,,,,1.0
210501342,,,SAINT-CLEMENT-SUR-DURANCE,,,,1.0
210501367,,,SAINT-CREPIN,,,,1.0
214202186,,,SAINT-ETIENNE,,,,1.0
210501409,,,SAINT-ETIENNE-LE-LAUS,,,,1.0
214502759,,,SAINT-FIRMIN,,,,1.0
213304082,,,SAINT-GENES-DE-LOMBAUD,,,,3.0
210501458,,,SAINT-JEAN-SAINT-NICOLAS,,,,1.0
210501466,,,SAINT-JULIEN-EN-BEAUCHENE,,,,1.0
210501474,,,SAINT-JULIEN-EN-CHAMPSAUR,,,,1.0
210501482,,,SAINT-LAURENT-DU-CROS,,,,1.0
210501490,,,SAINT-LEGER-LES-MELEZES,,,,1.0
213804164,,,SAINT-MARCELLIN,,,,12.0
216404897,,,SAINT-MARTIN D'ARBEROUE,,,,2.0
210501516,,,SAINT-MARTIN DE QUEYRIERES,,,,1.0
210501524,,,SAINT-MAURICE-EN-VALGODEMAR,,,,1.0
210501532,,,SAINT-MICHEL-DE-CHAILLOL,,,,1.0
218804292,,,SAINT-NABORD,,,,1.0
210501540,,,SAINT-PIERRE-D'ARGENÇON,,,,1.0
210401956,,,SAINT-PONS,,,,1.0
210501573,,,SAINT-VERAN,,,,1.0
210501607,,,SALERANS,,,,1.0
211603592,,,SALLES D'ANGLES,,,,1.0
218401222,,,SARRIANS,,,,2.0
200055614,,,SD ENERGIE ET DECHET HAUTE-MARNE,,,,2.0
200093714,,,SIDEC,,,,1.0
200091049,,,SIEDS,,,,1.0
200087476,,,SM BASSIN DU SEMNON,,,,1.0
200087823,,,SM BASSIN VERSANT DE LA SEICHE,,,,2.0
252902655,,,SMA OUEST CORNOUAILLE,,,,2.0
251101549,,,SMMAR,,,,1.0
200046050,,,SMO VAL DE LOIRE NUMERIQUE,,,,7.0
216405282,,,SUHESCUN,,,,1.0
258600600,,,SYNDICAT ENERGIES VIENNE,,,,1.0
216504407,,,TARBES,,,,8.0
200069300,,,TARBES LOURDES PYRENEES,,,,3.0
214003139,,,TARTAS,,,,12.0
200067551,,,THONON AGGLOMERATION,,,,10.0
217402817,,,THONON-LES-BAINS,,,,1.0
790895197,,,TIGEO,,,,101.0
750177529,,,TRANS-LANDES,,,,3.0
378493555,,,TRANSDEV MONT BLANC BUS,,,,2.0
212203459,,,TREBRY,,,,2.0
200071959,,,UBAYE-SERRE-PONÇON,,,,1.0
216405399,,,UHART-MIXE,,,,2.0
216405431,,,UREPEL,,,,3.0
200066207,,,VAL D'ERDRE-AUXENCE,,,,1.0
200058618,,,VAL D'ORONAYE,,,,1.0
200083830,,,VAL-DE-LIVENNE,,,,3.0
210402301,,,VALENSOLE,,,,2.0
200064657,,,VALLOUISE-PELVOUX,,,,1.0
210501771,,,VARS,,,,1.0
216902593,,,VENISSIEUX,,,,1.0
212603674,,,VENTEROL,,,,1.0
212603740,,,VILLEBOIS LES PINS,,,,1.0
211301171,,,VITROLLES,,,,2.0
